{
    "LSTM_Metrics": {
        "MAE": 8.734708262138257,
        "RMSE": 10.378032276198375,
        "MAPE": 6.280186018175504,
        "sMAPE": 6.025144090833569,
        "R2": 0.7685683872704241
    },
    "Naive_Baseline_Metrics": {
        "MAE": 3.037224691422259,
        "RMSE": 4.2427169587777005,
        "MAPE": 2.357833003899053,
        "sMAPE": 2.3508908735810206,
        "R2": 0.9613205074666384
    }
}